INSERT INTO "album_category" ("id", "name", "content_type") VALUES
	(80, 'Business events', 'BUSINESS'),
	(81, 'Private events', 'BUSINESS'),
	(82, 'Offers/Deals/sales', 'BUSINESS'),
	(83, 'Culture and events', 'BUSINESS'),
	(84, 'Marketing', 'BUSINESS'),
	(85, 'Professionals', 'BUSINESS'),
	(86, 'Restaurants and fast food type', 'BUSINESS'),
	(87, 'Traveling styles', 'BUSINESS'),
	(88, 'Online educations lessons', 'BUSINESS'),
	(89, 'Consulting', 'BUSINESS'),
	(90, 'Software', 'BUSINESS'),
	(91, 'Personal & Home Services', 'BUSINESS'),
	(92, 'News', 'BUSINESS'),
	(93, 'Medical', 'BUSINESS'),
	(94, 'Shops type', 'BUSINESS'),
	(95, 'Hobbies', 'BUSINESS'),
	(96, 'Holiday according to months', 'BUSINESS'),
	(97, 'Accessories & Parts', 'BUSINESS'),
	(98, 'Mobile Phones', 'BUSINESS'),
	(99, 'Mobile Phone Accessories', 'BUSINESS'),
	(100, 'Women''s Clothing', 'BUSINESS'),
	(101, 'Men''s Clothing', 'BUSINESS'),
	(102, 'Computer & Office', 'BUSINESS'),
	(103, 'Consumer Electronics', 'BUSINESS'),
	(104, 'Jewelry & Accessories', 'BUSINESS'),
	(105, 'Home & Garden', 'BUSINESS'),
	(106, 'Shoes', 'BUSINESS'),
	(107, 'Mother & Kids', 'BUSINESS'),
	(108, 'Sports & Entertainment', 'BUSINESS'),
	(109, 'Beauty & Health', 'BUSINESS'),
	(110, 'Watches', 'BUSINESS'),
	(111, 'Toys & Hobbies', 'BUSINESS'),
	(112, 'Weddings & Events', 'BUSINESS'),
	(113, 'Novelty & Special Use', 'BUSINESS'),
	(114, 'Automobiles & Motorcycles', 'BUSINESS'),
	(115, 'Lights & Lighting', 'BUSINESS'),
	(116, 'Furniture', 'BUSINESS'),
	(117, 'Electronic Components & Supplies', 'BUSINESS'),
	(118, 'Education & Office Supplies', 'BUSINESS'),
	(119, 'Home Appliances', 'BUSINESS'),
	(120, 'Home Improvement', 'BUSINESS'),
	(121, 'Food', 'BUSINESS'),
	(122, 'Security & Protection', 'BUSINESS'),
	(123, 'Tools', 'BUSINESS'),
	(124, 'Hair Extensions & Wigs', 'BUSINESS'),
	(125, 'Apparel Accessories', 'BUSINESS'),
	(126, 'Underwear & Sleepwear', 'BUSINESS'),
	(127, 'Agriculture', 'BUSINESS'),
	(128, 'Food & Beverage', 'BUSINESS'),
	(129, 'Apparel', 'BUSINESS'),
	(130, 'Fashion Accessories', 'BUSINESS'),
	(131, 'Timepieces, Jewelry, Eyewear', 'BUSINESS'),
	(132, 'Vehicles sale/lease', 'BUSINESS'),
	(133, 'Vehicles & Accessories', 'BUSINESS'),
	(134, 'Luggage, Bags & Cases', 'BUSINESS'),
	(135, 'Shoes & Accessories', 'BUSINESS'),
	(136, 'Cellphones & Telecommunications', 'BUSINESS'),
	(137, 'P C Components & Accessories', 'BUSINESS'),
	(138, 'Home Appliance', 'BUSINESS'),
	(139, 'Electrical Equipment & Supplies', 'BUSINESS'),
	(140, 'Gifts & Crafts', 'BUSINESS'),
	(141, 'Health & Medical', 'BUSINESS'),
	(142, 'Beauty Care shops', 'BUSINESS'),
	(143, 'Beauty & Personal Care', 'BUSINESS'),
	(144, 'Construction & Real Estate', 'BUSINESS'),
	(145, 'Machinery', 'BUSINESS'),
	(146, 'Fabrication Services', 'BUSINESS'),
	(147, 'Tools & Hardware', 'BUSINESS'),
	(148, 'Energy', 'BUSINESS'),
	(149, 'Packaging & Printing', 'BUSINESS'),
	(150, 'Office & School Supplies', 'BUSINESS'),
	(151, 'Service Equipment', 'BUSINESS'),
	(152, 'Luggage & Bags', 'BUSINESS'),
	(153, 'P.C. Components & Accessories', 'BUSINESS');

INSERT INTO "album_subcategory" ("id", "category_id", "name") VALUES
	(1904, 82, 'Deal'),
	(1905, 82, 'Coupon'),
	(1906, 82, 'events Holiday'),
	(1907, 82, 'Generic'),
	(1908, 82, 'Members'),
	(1909, 82, 'Stock offers'),
	(1910, 82, 'Banners'),
	(1911, 82, 'All the shop'),
	(1912, 82, 'For this item'),
	(1913, 82, 'With % offer'),
	(1914, 82, 'With $ offers'),
	(1915, 80, 'Conferences'),
	(1916, 80, 'Tradeshow'),
	(1917, 80, 'Meetings'),
	(1918, 80, 'Convention'),
	(1919, 80, 'Corporate event'),
	(1920, 80, 'Corporation events'),
	(1921, 80, 'Association events'),
	(1922, 80, 'Product launch'),
	(1923, 80, 'Incentive travel'),
	(1924, 80, 'Congress'),
	(1925, 80, 'Workshops'),
	(1926, 81, 'Weddings'),
	(1927, 81, 'Birthdays'),
	(1928, 81, 'Themed Parties'),
	(1929, 81, 'Wedding Anniversaries'),
	(1930, 81, 'Family Events'),
	(1931, 81, 'VIP Events'),
	(1932, 81, 'Bar mitzvah'),
	(1933, 81, 'Bat Mitzvah'),
	(1934, 81, 'Mothers day'),
	(1935, 81, 'Fathers day'),
	(1936, 81, 'Anniversary'),
	(1937, 81, 'New born baby'),
	(1938, 83, 'Exhibition'),
	(1939, 83, 'Museum'),
	(1940, 83, 'Library'),
	(1941, 83, 'Hobbies'),
	(1942, 83, 'Arts'),
	(1943, 83, 'Crafts'),
	(1944, 83, 'Theatre'),
	(1945, 83, 'Dance'),
	(1946, 83, 'Concert'),
	(1947, 83, 'Singing'),
	(1948, 83, 'Performing'),
	(1949, 83, 'Reading'),
	(1950, 83, 'Drinking alcohol'),
	(1951, 83, 'Watching T.V.'),
	(1952, 83, 'Film'),
	(1953, 83, 'Listening to music'),
	(1954, 83, 'Talking'),
	(1955, 83, 'Chatting'),
	(1956, 83, 'Socializing'),
	(1957, 83, 'Childcare'),
	(1958, 83, 'Playing with children'),
	(1959, 83, 'Housework'),
	(1960, 83, 'Chores'),
	(1961, 83, 'DIY'),
	(1962, 83, 'Combined Arts'),
	(1963, 83, 'Museums'),
	(1964, 83, 'Performing Arts'),
	(1965, 83, 'Visual Arts'),
	(1966, 83, 'Texting'),
	(1967, 83, 'Email'),
	(1968, 83, 'Social media'),
	(1969, 83, 'Music'),
	(1970, 83, 'Galas'),
	(1971, 83, 'Parties'),
	(1972, 83, 'Reunions'),
	(1973, 84, 'Social media marketing'),
	(1974, 84, 'Influencer marketing'),
	(1975, 84, 'Affiliate marketing'),
	(1976, 84, 'Email marketing'),
	(1977, 84, 'Content marketing'),
	(1978, 84, 'Search engine optimization (SEO)'),
	(1979, 84, 'Paid advertising'),
	(1980, 85, 'Carpenters'),
	(1981, 85, 'Electricians'),
	(1982, 85, 'Plumbers'),
	(1983, 85, 'Painters'),
	(1984, 85, 'Masons'),
	(1985, 85, 'Appliance Repairs'),
	(1986, 86, 'Bistro'),
	(1987, 86, 'Ethnic restaurant'),
	(1988, 86, 'Fine dining restaurant'),
	(1989, 86, 'Shish Kebab'),
	(1990, 86, 'Falafel'),
	(1991, 86, 'Shawarma'),
	(1992, 86, 'Trattoria'),
	(1993, 86, 'Teppanyaki-ya'),
	(1994, 86, 'Osteria'),
	(1995, 86, 'Drive-in restaurant'),
	(1996, 86, 'Drive-thru restaurant'),
	(1997, 86, 'Pizzeria'),
	(1998, 86, 'Taverna'),
	(1999, 86, 'Fast-casual restaurant'),
	(2000, 86, 'Pop-up restaurant'),
	(2001, 86, 'Café'),
	(2002, 86, 'Diner'),
	(2003, 86, 'Ramen-ya'),
	(2004, 86, 'Teahouse'),
	(2005, 86, 'Fast food'),
	(2006, 86, 'Buffet-style restaurant'),
	(2007, 86, 'Cafeteria'),
	(2008, 86, 'Luncheonette'),
	(2009, 86, 'Tapas bar/Tasca'),
	(2010, 86, 'Steakhouse'),
	(2011, 86, 'All you can eat restaurant'),
	(2012, 86, 'Kosher restaurant'),
	(2013, 86, 'Dinner in the Sky'),
	(2014, 86, 'Dark restaurant'),
	(2015, 86, 'À la carte'),
	(2016, 86, 'Gastropub'),
	(2017, 86, 'Brasserie'),
	(2018, 86, 'Chiringuito'),
	(2019, 86, 'Food truck'),
	(2020, 86, 'Churrascaria'),
	(2021, 86, 'Food court'),
	(2022, 87, 'The Weekend Break'),
	(2023, 87, 'The Package Holiday'),
	(2024, 87, 'The Group Tour'),
	(2025, 87, 'The Caravan/R.V. Road Trip'),
	(2026, 87, 'Volunteer Travel'),
	(2027, 87, 'Long Term Slow Travel'),
	(2028, 87, 'The Gap Year'),
	(2029, 87, 'Visiting Friends or Relatives'),
	(2030, 87, 'Event Travel'),
	(2031, 87, 'Business Travel'),
	(2032, 87, 'Accessible'),
	(2033, 87, 'Adventure'),
	(2034, 87, 'Beach'),
	(2035, 87, 'Budget'),
	(2036, 87, 'Cultural'),
	(2037, 87, 'Cruise'),
	(2038, 87, 'Cycling'),
	(2039, 87, 'Family'),
	(2040, 87, 'Flight free'),
	(2041, 87, 'Honeymoon ideas'),
	(2042, 87, 'Last minute'),
	(2043, 87, 'Locally run'),
	(2044, 87, 'Luxury'),
	(2045, 87, 'Multi-activity'),
	(2046, 87, 'Overland'),
	(2047, 87, 'Rail'),
	(2048, 87, 'Safari'),
	(2049, 87, 'Sailing'),
	(2050, 87, 'Sky'),
	(2051, 87, 'Self-drive'),
	(2052, 87, 'Short breaks'),
	(2053, 87, 'Small group'),
	(2054, 87, 'Small ship cruising'),
	(2055, 87, 'Special interest'),
	(2056, 87, 'Special offer'),
	(2057, 87, 'Tailor-made'),
	(2058, 87, 'Unusual'),
	(2059, 87, 'Volunteer travel'),
	(2060, 87, 'Walking'),
	(2061, 87, 'Wellness'),
	(2062, 87, 'Wildlife'),
	(2063, 87, 'Winter'),
	(2064, 87, 'Accommodation only'),
	(2065, 88, 'Online Tutorials'),
	(2066, 88, 'Online Seminars'),
	(2067, 88, 'Online Courses'),
	(2068, 88, 'Online Sport lessons'),
	(2069, 88, 'Online Education lessons'),
	(2070, 88, 'Online marketing lessons'),
	(2071, 89, 'Career Counselor'),
	(2072, 89, 'Mortgage consulting'),
	(2073, 89, 'Loan Consultant'),
	(2074, 89, 'Strategy Consultant'),
	(2075, 89, 'Management Consultant'),
	(2076, 89, 'Operations Consultant'),
	(2077, 89, 'Financial Advisory Consultant'),
	(2078, 89, 'Human Resource Consultant'),
	(2079, 89, 'I.T. Consultant'),
	(2080, 89, 'Nutrition consultant'),
	(2081, 89, 'Insurance consultant'),
	(2082, 89, 'Commercial finance consultant'),
	(2083, 90, 'Tax Preparation'),
	(2084, 90, 'Companies with Online Backup'),
	(2085, 90, 'Maintenance & Utilities'),
	(2086, 90, 'Web Design & Development'),
	(2087, 90, 'Graphics & Photo Editing'),
	(2088, 90, 'Audio & Video Editing'),
	(2089, 90, 'Personal Finance'),
	(2090, 90, 'Productivity'),
	(2091, 90, 'Antivirus & Security'),
	(2092, 90, 'Education'),
	(2093, 91, 'Companies with Financial Services'),
	(2094, 91, 'Companies with Dating'),
	(2095, 91, 'Companies with Personal Legal'),
	(2096, 91, 'Companies with Genealogy'),
	(2097, 91, 'Companies with Tutoring & Prep'),
	(2098, 91, 'Companies with Sitters &'),
	(2099, 91, 'Companies with People Search'),
	(2100, 91, 'Companies with Home Services'),
	(2101, 91, 'Companies with Online Weight Plans'),
	(2102, 91, 'Companies with Meal Delivery'),
	(2103, 92, 'Politics'),
	(2104, 92, 'Propaganda'),
	(2105, 92, 'News'),
	(2106, 92, 'Interpretation'),
	(2107, 92, 'Digital'),
	(2108, 92, 'Criminal'),
	(2109, 92, 'Security'),
	(2110, 92, 'Weather'),
	(2111, 92, 'Shop types'),
	(2112, 93, 'Alternative Medicine'),
	(2113, 93, 'dentistry'),
	(2114, 93, 'Plastic surgeries'),
	(2115, 93, 'Family doctor'),
	(2116, 93, 'family insurance'),
	(2117, 94, 'Pharmacies'),
	(2118, 94, 'Convenience stores'),
	(2119, 94, 'Butcher shop'),
	(2120, 94, 'Fashion Accessories shops'),
	(2121, 94, 'Home products shops'),
	(2122, 94, 'Cosmetic & perfume shops'),
	(2123, 94, 'Ladies Clothing Shop or'),
	(2124, 94, 'Mens Clothing Shop or'),
	(2125, 94, 'Shoe Shop or Cobbler''s'),
	(2126, 94, 'Jeweller''s'),
	(2127, 94, 'Mobile phone shops'),
	(2128, 94, 'PC and mobile laboratories'),
	(2129, 94, 'Electrical Store'),
	(2130, 94, 'Computers Electronics shops'),
	(2131, 94, 'Toy Shop or Toy'),
	(2132, 94, 'Record Shop'),
	(2133, 94, 'Book Shop'),
	(2134, 94, 'Newsagent''s'),
	(2135, 94, 'Ironmonger''s'),
	(2136, 94, 'Optician''s'),
	(2137, 94, 'Haberdasher''s'),
	(2138, 94, 'Department Store'),
	(2139, 94, 'Butcher''s'),
	(2140, 94, 'Fishmonger''s'),
	(2141, 94, 'Greengrocer''s'),
	(2142, 94, 'Baker''s'),
	(2143, 94, 'Delicatessen'),
	(2144, 94, 'Grocer''s'),
	(2145, 94, 'Off Licence'),
	(2146, 94, 'Florist''s'),
	(2147, 94, 'Post Office'),
	(2148, 94, 'Supermarket'),
	(2149, 95, 'Reading'),
	(2150, 95, 'Traveling'),
	(2151, 95, 'Fishing'),
	(2152, 95, 'Crafts'),
	(2153, 95, 'Television'),
	(2154, 95, 'Bird Watching'),
	(2155, 95, 'Collecting'),
	(2156, 95, 'Music'),
	(2157, 95, 'Gardening'),
	(2158, 95, 'Video Games'),
	(2159, 96, 'New Year''s Day'),
	(2160, 96, 'Trivia Day'),
	(2161, 96, 'Feast of the Epiphany- Kings Day'),
	(2162, 96, 'National Bird Day'),
	(2163, 96, 'Houseplant Appreciation Day'),
	(2164, 96, 'Martin Luther King''s Birthday'),
	(2165, 96, 'Chinese New Years'),
	(2166, 96, 'Opposite Day'),
	(2167, 96, 'Australia Day'),
	(2168, 96, 'DailyJanuary holidays and special'),
	(2169, 96, 'Groundhog''s Day'),
	(2170, 96, 'Super Bowl Sunday'),
	(2171, 96, 'Feed the Birds Day'),
	(2172, 96, 'Oscar Night 2020'),
	(2173, 96, 'Lincoln''s Birthday'),
	(2174, 96, 'Valentines Day'),
	(2175, 96, 'Singles Awareness Day'),
	(2176, 96, 'President''s Day'),
	(2177, 96, 'Hoodie-Hoo Day'),
	(2178, 96, 'Washington''s Birthday'),
	(2179, 96, 'Mardi Gras(Fat Tuesday)'),
	(2180, 96, 'Ash Wednesday'),
	(2181, 96, 'Leap Day'),
	(2182, 96, 'Winter Olympics begins'),
	(2183, 96, 'Winter Olympics ends'),
	(2184, 96, 'Daily February holidays and days'),
	(2185, 96, 'International Women''s Day'),
	(2186, 96, 'Purim'),
	(2187, 96, 'Friday the 13th'),
	(2188, 96, 'Ides of March'),
	(2189, 96, 'St. Patrick''s Day'),
	(2190, 96, 'Spring (Vernal) Equinox'),
	(2191, 96, 'International Earth Day'),
	(2192, 96, 'Feast of the Annunciation'),
	(2193, 96, 'Daily March holidays and days'),
	(2194, 96, 'April Fool''s Day'),
	(2195, 96, 'International Tatting Day'),
	(2196, 96, 'National Walk to Work'),
	(2197, 96, 'Palm Sunday'),
	(2198, 96, 'Passover'),
	(2199, 96, 'Good Friday'),
	(2200, 96, 'Easter Sunday'),
	(2201, 96, 'Income taxes due'),
	(2202, 96, 'Patriot''s Day'),
	(2203, 96, 'Ramadan'),
	(2204, 96, 'Earth Day (U.S.)'),
	(2205, 96, 'Administrative Professionals Day'),
	(2206, 96, 'Take Your Daughter to Day'),
	(2207, 96, 'Arbor Day'),
	(2208, 96, 'Daily April holidays and days'),
	(2209, 96, 'May Day'),
	(2210, 96, 'Kentucky Derby Day. Mint'),
	(2211, 96, 'Star Wars Day'),
	(2212, 96, 'Cinco de Mayo'),
	(2213, 96, 'National Teacher''s Day'),
	(2214, 96, 'V.E. Day, WW II'),
	(2215, 96, 'Mother''s Day'),
	(2216, 96, 'Lilac Sunday'),
	(2217, 96, 'Armed Forces Day'),
	(2218, 96, 'Victoria Day (Canada)'),
	(2219, 96, 'Memorial Day'),
	(2220, 96, 'Daily May holidays and days'),
	(2221, 96, 'D Day, WWII'),
	(2222, 96, 'Flag Day'),
	(2223, 96, 'Juneteenth Day'),
	(2224, 96, 'Summer Solstice'),
	(2225, 96, 'Father''s Day'),
	(2226, 96, 'Daily June holidays and days'),
	(2227, 96, 'Canada Day (Dominion Day)'),
	(2228, 96, 'Independence Day'),
	(2229, 96, 'National Bikini Day'),
	(2230, 96, 'National Hot Dog Day'),
	(2231, 96, 'Hammock Day'),
	(2232, 96, 'Summer Olympics begins'),
	(2233, 96, 'Daily July holidays and days'),
	(2234, 96, 'National Watermelon Day'),
	(2235, 96, 'Summer Olympics ends'),
	(2236, 96, 'National S''mores Day'),
	(2237, 96, 'Left Hander''s Day'),
	(2238, 96, 'V-J Day'),
	(2239, 96, 'National Marshmallow Toasting Day'),
	(2240, 96, 'Daily August holidays and days'),
	(2241, 96, 'V.J. Day, WWII'),
	(2242, 96, '7 Labor Day - Monday'),
	(2243, 96, '11 911 Remembrance'),
	(2244, 96, '13 Grandparents Day - Sunday after Labor Day'),
	(2245, 96, '17 Constitution Day'),
	(2246, 96, '18 Rosh Hashanah begins sundown'),
	(2247, 96, '19 Oktoberfest begins in'),
	(2248, 96, '21 International Peace Day'),
	(2249, 96, '22 Autumnal Equinox - varies'),
	(2250, 96, '25 Native American Day fourth Friday of the month'),
	(2251, 96, '27 Yom Kippur'),
	(2252, 96, 'Daily September Holidays and days'),
	(2253, 96, 'International Day for the'),
	(2254, 96, 'World Smile Day first of month'),
	(2255, 96, 'Oktoberfest ends in Germany'),
	(2256, 96, 'Columbus Day observed on Monday'),
	(2257, 96, 'Indigenous People Day second of month'),
	(2258, 96, 'Thanksgiving Day in Canada, Monday'),
	(2259, 96, 'Boss''s Day'),
	(2260, 96, 'Sweetest Day 3rd Saturday'),
	(2261, 96, 'United Nations Day'),
	(2262, 96, 'Make a Difference Day Saturday'),
	(2263, 96, 'Halloween'),
	(2264, 96, 'Daily October holidays and days'),
	(2265, 96, 'All Saint''s Day'),
	(2266, 96, 'Dia de Los Muertos of the Dead)'),
	(2267, 96, 'All Soul''s Day'),
	(2268, 96, 'U.S.General Election Day'),
	(2269, 96, 'Veteran''s Day'),
	(2270, 96, 'Caregiver Appreciation Day'),
	(2271, 96, 'Sadie Hawkins Day'),
	(2272, 96, 'Great American Smokeout'),
	(2273, 96, 'Universal Children''s Day'),
	(2274, 96, 'Thanksgiving Day'),
	(2275, 96, 'Black Friday'),
	(2276, 96, 'Advent'),
	(2277, 96, 'Daily November holidays and days'),
	(2278, 96, 'Pearl Harbor Day'),
	(2279, 96, 'Chanukah'),
	(2280, 96, 'Poinsettia Day'),
	(2281, 96, 'Winter Solstice'),
	(2282, 96, 'Festivus'),
	(2283, 96, 'Christmas'),
	(2284, 96, 'Kwanzaa'),
	(2285, 96, 'National Fruitcake Day'),
	(2286, 96, 'Boxing Day'),
	(2287, 96, 'New Year''s Eve'),
	(2288, 96, 'Daily December holidays and days'),
	(2289, 97, 'Cables & Adapters Electronic'),
	(2290, 97, 'Cigarettes'),
	(2291, 97, 'Batteries'),
	(2292, 97, 'Chargers'),
	(2293, 97, 'Camera & Photo'),
	(2294, 97, 'Digital Cameras'),
	(2295, 97, 'Camcorders'),
	(2296, 97, 'Camera Drones'),
	(2297, 97, 'Action Cameras'),
	(2298, 97, 'Photo Studio Supplies'),
	(2299, 97, 'Camera & Photo Accessories'),
	(2300, 97, 'Portable Audio & Video'),
	(2301, 97, 'Earphones & Headphones'),
	(2302, 97, 'Speakers'),
	(2303, 97, 'MP3 Players'),
	(2304, 97, 'Microphones'),
	(2305, 97, 'VR/AR Devices'),
	(2306, 97, 'Smart Electronics'),
	(2307, 97, 'Wearable Devices'),
	(2308, 97, 'Smart Home'),
	(2309, 97, 'Appliances'),
	(2310, 97, 'Smart Wearable'),
	(2311, 97, 'Accessories'),
	(2312, 97, 'Smart Remote Controls'),
	(2313, 97, 'Smart Watches'),
	(2314, 97, 'Smart Wristbands'),
	(2315, 97, 'Video Games'),
	(2316, 97, 'Handheld Game Players'),
	(2317, 97, 'Game Controllers'),
	(2318, 97, 'Joysticks'),
	(2319, 97, 'Stickers'),
	(2320, 98, 'Android Phones'),
	(2321, 98, 'iPhones'),
	(2322, 98, 'Feature Phones'),
	(2323, 98, 'Refurbished Phones'),
	(2324, 98, '8GB RAM5G Phones'),
	(2325, 99, 'Cases & Covers'),
	(2326, 99, 'Cables'),
	(2327, 99, 'ChargersPower'),
	(2328, 99, 'BankHolders & Stands'),
	(2329, 99, 'Screen Protectors'),
	(2330, 99, 'Hot Cases & Covers'),
	(2331, 99, 'Cases For iPhone'),
	(2332, 99, 'Cases For Samsung'),
	(2333, 99, 'Cases For Huawei'),
	(2334, 99, 'Cases For Xiaomi'),
	(2335, 99, 'Cases For Meizu'),
	(2336, 99, 'Cases For OPPO'),
	(2337, 99, 'Featured Accessories'),
	(2338, 99, 'Wireless Chargers'),
	(2339, 99, 'Car Chargers'),
	(2340, 99, 'Lenses'),
	(2341, 99, 'Adapters & Converters'),
	(2342, 99, 'Mobile Phone Parts'),
	(2343, 99, 'Phone LCDs'),
	(2344, 99, 'Phone Batteries'),
	(2345, 99, 'Housings & Frames'),
	(2346, 99, 'Communication Equipment'),
	(2347, 99, 'Walkie'),
	(2348, 99, 'Talkie'),
	(2349, 99, 'Fiber'),
	(2350, 99, 'Optic'),
	(2351, 99, 'Equipment'),
	(2352, 99, 'Communications'),
	(2353, 99, 'Antennas'),
	(2354, 100, 'Dresses'),
	(2355, 100, 'Blouses & Shirts'),
	(2356, 100, 'Hoodies & Sweatshirts'),
	(2357, 100, 'Sweaters'),
	(2358, 100, 'Jackets & Coats'),
	(2359, 100, 'Bottoms'),
	(2360, 100, 'Rompers'),
	(2361, 100, 'Tops & Tees'),
	(2362, 100, 'Jumpsuits'),
	(2363, 100, 'Bodysuits'),
	(2364, 100, 'Suits & Sets'),
	(2365, 100, 'Dress'),
	(2366, 100, 'Jeans'),
	(2367, 100, 'Skirt'),
	(2368, 100, 'Swimsuit'),
	(2369, 100, 'Women Tops'),
	(2370, 100, 'Pants & Capris'),
	(2371, 101, 'Hoodies & Sweatshirts'),
	(2372, 101, 'Tops & Tees'),
	(2373, 101, 'Jackets & Coats'),
	(2374, 101, 'Pants'),
	(2375, 101, 'Shirts'),
	(2376, 101, 'Jeans'),
	(2377, 101, 'Sweaters'),
	(2378, 101, 'Suits & Blazers'),
	(2379, 101, 'Casual Shorts'),
	(2380, 101, 'Men''s Sets'),
	(2381, 101, 'Board Shorts'),
	(2382, 102, 'Office Electronics'),
	(2383, 102, 'Computer Peripherals'),
	(2384, 102, 'Laptops'),
	(2385, 102, 'Tablets'),
	(2386, 102, 'Storage Devices'),
	(2387, 102, 'Computer Components'),
	(2388, 102, 'Networking'),
	(2389, 102, 'Mouse & Keyboards'),
	(2390, 102, 'Tablet Accessories'),
	(2391, 102, 'Laptop Accessories'),
	(2392, 102, 'Computer Cables & Connectors'),
	(2393, 102, 'Demo Board & Accessories'),
	(2394, 102, 'Mini PC'),
	(2395, 102, 'Industrial Computer & Accessories'),
	(2396, 102, 'Desktops'),
	(2397, 102, 'Servers'),
	(2398, 102, 'Device Cleaners'),
	(2399, 102, 'Laptop Parts'),
	(2400, 102, 'Tablet Parts'),
	(2401, 102, 'Office Software'),
	(2402, 103, 'Portable Audio & Video'),
	(2403, 103, 'Smart Electronics'),
	(2404, 103, 'Home Audio & Video'),
	(2405, 103, 'Accessories & Parts'),
	(2406, 103, 'Camera & Photo'),
	(2407, 103, 'Electronic Cigarettes'),
	(2408, 103, 'Earphones & Headphones'),
	(2409, 103, 'Wearable Devices'),
	(2410, 103, 'Video Games'),
	(2411, 103, 'Sports & Action Video'),
	(2412, 103, 'Speakers'),
	(2413, 103, '360° Video Cameras &'),
	(2414, 103, 'Home Electronic Accessories'),
	(2415, 103, 'VR/AR Devices'),
	(2416, 103, 'Robot'),
	(2417, 103, 'HIFI Devices'),
	(2418, 103, 'Live Equipment'),
	(2419, 103, 'Power Source'),
	(2420, 104, 'Fine Jewelry'),
	(2421, 104, 'Necklaces & Pendants'),
	(2422, 104, 'Earrings'),
	(2423, 104, 'Rings'),
	(2424, 104, 'Bracelets & Bangles'),
	(2425, 104, 'Jewelry Sets & More'),
	(2426, 104, 'Beads & Jewelry Making'),
	(2427, 104, 'Wedding & Engagement Jewelry'),
	(2428, 104, 'Jewelry making'),
	(2429, 105, 'Kitchen,Dining & Bar'),
	(2430, 105, 'Home Decor'),
	(2431, 105, 'Home Textile'),
	(2432, 105, 'Arts,Crafts & Sewing'),
	(2433, 105, 'Festive & Party Supplies'),
	(2434, 105, 'Home Storage & Organization'),
	(2435, 105, 'Bathroom Products'),
	(2436, 105, 'Household Cleaning'),
	(2437, 105, 'Pet Products'),
	(2438, 105, 'Garden Supplies'),
	(2439, 105, 'Household Merchandises'),
	(2440, 152, 'Women''s Bags'),
	(2441, 152, 'Men''s Bags'),
	(2442, 152, 'Backpacks'),
	(2443, 152, 'Wallets'),
	(2444, 152, 'Kids & Baby''s Bags'),
	(2445, 152, 'Luggage & Travel Bags'),
	(2446, 152, 'Functional Bags'),
	(2447, 152, 'Coin Purses & Holders'),
	(2448, 152, 'Bag Parts & Accessories'),
	(2449, 106, 'Women''s Shoes'),
	(2450, 106, 'Women''s Flats'),
	(2451, 106, 'Women''s Pumps'),
	(2452, 106, 'Men''s Shoes'),
	(2453, 106, 'Men''s Casual Shoes'),
	(2454, 106, 'Women''s Vulcanize Shoes'),
	(2455, 106, 'Men''s Vulcanize Shoes'),
	(2456, 106, 'Women''s Boots'),
	(2457, 106, 'Men''s Boots'),
	(2458, 106, 'Shoe Accessories'),
	(2459, 107, 'Girls'' Baby Clothing'),
	(2460, 107, 'Boys'' Baby Clothing'),
	(2461, 107, 'Girls'' Clothing'),
	(2462, 107, 'Boys'' Clothing'),
	(2463, 107, 'Children''s Shoes'),
	(2464, 107, 'Activity & Gear'),
	(2465, 107, 'Nappy Changing'),
	(2466, 107, 'Baby Care'),
	(2467, 107, 'Baby Bedding'),
	(2468, 107, 'Safety Equipment'),
	(2469, 107, 'Feeding'),
	(2470, 107, 'Matching Family Outfits'),
	(2471, 107, 'Baby Shoes'),
	(2472, 107, 'Toilet Training'),
	(2473, 107, 'Pregnancy & Maternity'),
	(2474, 107, 'Baby Souvenirs'),
	(2475, 107, 'Baby Furniture'),
	(2476, 107, 'Baby Food'),
	(2477, 107, 'Accessories'),
	(2478, 107, 'Baby Stroller'),
	(2479, 107, 'Car Seats & Accessories'),
	(2480, 108, 'Sports Clothing'),
	(2481, 108, 'Sneakers'),
	(2482, 108, 'Cycling'),
	(2483, 108, 'Fishing'),
	(2484, 108, 'Camping & Hiking'),
	(2485, 108, 'Swimming'),
	(2486, 108, 'Musical Instruments'),
	(2487, 108, 'Hunting'),
	(2488, 108, 'Fitness & Body Building'),
	(2489, 108, 'Water Sports'),
	(2490, 108, 'Team Sports'),
	(2491, 108, 'Racquet Sports'),
	(2492, 108, 'Golf'),
	(2493, 108, 'Running'),
	(2494, 108, 'Shooting'),
	(2495, 108, 'Skiing & Snowboarding'),
	(2496, 108, 'Sports Accessories'),
	(2497, 108, 'Roller Skates, Skateboards &'),
	(2498, 108, 'Horse Racing'),
	(2499, 108, 'Bowling'),
	(2500, 108, 'Entertainment'),
	(2501, 108, 'Other Sports & Entertainment'),
	(2502, 108, 'Sports Bags'),
	(2503, 109, 'Nails Art & Tools'),
	(2504, 109, 'Makeup'),
	(2505, 109, 'Health Care'),
	(2506, 109, 'Skin Care'),
	(2507, 109, 'Hair Care & Styling'),
	(2508, 109, 'Shaving & Hair Removal'),
	(2509, 109, 'Sex Products'),
	(2510, 109, 'Beauty Essentials'),
	(2511, 109, 'Tattoo & Body Art'),
	(2512, 109, 'Bath & Shower'),
	(2513, 109, 'Fragrances & Deodorants'),
	(2514, 109, 'Oral Hygiene'),
	(2515, 109, 'Sanitary Paper'),
	(2516, 109, 'Tools & Accessories'),
	(2517, 109, 'Men''s Grooming'),
	(2518, 109, 'Skin Care Tools'),
	(2519, 109, 'Beauty Equipment'),
	(2520, 110, 'Men''s Watches'),
	(2521, 110, 'Women''s Watches'),
	(2522, 110, 'Lover''s Watches'),
	(2523, 110, 'Children''s Watches'),
	(2524, 110, 'Pocket & Fob Watches'),
	(2525, 110, 'Watch Accessories'),
	(2526, 110, 'Women''s Bracelet Watches'),
	(2527, 111, 'Dolls & Stuffed Toys'),
	(2528, 111, 'Remote Control Toys'),
	(2529, 111, 'Classic Toys'),
	(2530, 111, 'Learning & Education'),
	(2531, 111, 'Outdoor Fun & Sports'),
	(2532, 111, 'Action & Toy Figures'),
	(2533, 111, 'Model Building'),
	(2534, 111, 'Diecasts & Toy Vehicles'),
	(2535, 111, 'Baby & Toddler Toys'),
	(2536, 111, 'Electronic Toys'),
	(2537, 111, 'Puzzles & Games'),
	(2538, 111, 'Novelty & Gag Toys'),
	(2539, 111, 'Stress Relief Toy'),
	(2540, 111, 'Building & Construction Toys'),
	(2541, 111, 'Kid''s Party'),
	(2542, 111, 'Hobby & Collectibles'),
	(2543, 111, 'High Tech Toys'),
	(2544, 111, 'Arts & Crafts, DIY'),
	(2545, 111, 'Stuffed Animals & Plush'),
	(2546, 111, 'Popular Toys'),
	(2547, 111, 'Pretend Play'),
	(2548, 111, 'Pools & Water Fun'),
	(2549, 112, 'Wedding Dresses'),
	(2550, 112, 'Evening Dresses'),
	(2551, 112, 'Prom Dresses'),
	(2552, 112, 'Wedding Party Dress'),
	(2553, 112, 'Wedding Accessories'),
	(2554, 112, 'Celebrity-Inspired Dresses'),
	(2555, 112, 'Cocktail Dresses'),
	(2556, 112, 'Homecoming Dresses'),
	(2557, 112, 'Bridesmaid Dresses'),
	(2558, 112, 'Mother of the Bride'),
	(2559, 112, 'Quinceanera Dresses'),
	(2560, 112, 'Dresses under 80'),
	(2561, 113, 'Costumes & Accessories'),
	(2562, 113, 'Exotic Apparel'),
	(2563, 113, 'Stage & Dance Wear'),
	(2564, 113, 'Traditional & Cultural Wear'),
	(2565, 113, 'Work Wear & Uniforms'),
	(2566, 114, 'Car Lights'),
	(2567, 114, 'Auto Replacement Parts'),
	(2568, 114, 'Car Electronics'),
	(2569, 114, 'Interior Accessories'),
	(2570, 114, 'Car Repair Tools'),
	(2571, 114, 'Motorcycle Accessories & Parts'),
	(2572, 114, 'Exterior Accessories'),
	(2573, 114, 'Car Wash & Maintenance'),
	(2574, 114, 'ATV,RV,Boat & Other Vehicle'),
	(2575, 114, 'Travel & Roadway Product'),
	(2576, 116, 'Lamps & Shades'),
	(2577, 116, 'Ceiling Lights & Fans'),
	(2578, 116, 'Light Bulbs'),
	(2579, 116, 'LED Lighting'),
	(2580, 116, 'Outdoor Lighting'),
	(2581, 116, 'LED Lamps'),
	(2582, 116, 'Portable Lighting'),
	(2583, 116, 'Commercial Lighting'),
	(2584, 116, 'Night Lights'),
	(2585, 116, 'Book Lights'),
	(2586, 116, 'Professional Lighting'),
	(2587, 116, 'Novelty Lighting'),
	(2588, 116, 'Holiday Lighting'),
	(2589, 116, 'Lighting Accessories'),
	(2590, 116, 'Under Cabinet Lights'),
	(2591, 116, 'Special Engineering Lighting'),
	(2592, 116, 'Vanity Lights'),
	(2593, 116, 'Home Furniture'),
	(2594, 116, 'Office Furniture'),
	(2595, 116, 'Children Furniture'),
	(2596, 116, 'Outdoor Furniture'),
	(2597, 116, 'Commercial Furniture'),
	(2598, 116, 'Café Furniture'),
	(2599, 116, 'Bar Furniture'),
	(2600, 116, 'Furniture Accessories'),
	(2601, 116, 'Furniture Parts'),
	(2602, 117, 'Active Components'),
	(2603, 117, 'EL Products'),
	(2604, 117, 'Electronic Accessories & Supplies'),
	(2605, 117, 'Electronic Data Systems'),
	(2606, 117, 'Electronic Signs'),
	(2607, 117, 'Electronics Production Machinery'),
	(2608, 117, 'Electronics Stocks'),
	(2609, 117, 'Optoelectronic Displays'),
	(2610, 117, 'Other Electronic Components'),
	(2611, 117, 'Passive Components'),
	(2612, 118, 'Pens, Pencils & Writing'),
	(2613, 118, 'Notebooks & Writing Pads'),
	(2614, 118, 'School & Educational Supplies'),
	(2615, 118, 'Painting Supplies'),
	(2616, 118, 'Tapes, Adhesives & Fasteners'),
	(2617, 118, 'Stationery Stickers'),
	(2618, 118, 'Desk Accessories & Organizer'),
	(2619, 118, 'Office Binding Supplies'),
	(2620, 118, 'Labels, Indexes & Stamps'),
	(2621, 118, 'Paper'),
	(2622, 118, 'Calendars, Planners & Cards'),
	(2623, 118, 'Cutting Supplies'),
	(2624, 118, 'Books'),
	(2625, 118, 'Presentation Boards'),
	(2626, 118, 'Filing Products'),
	(2627, 118, 'Mail & Shipping Supplies'),
	(2628, 119, 'Kitchen Appliances'),
	(2629, 119, 'Household Appliances'),
	(2630, 119, 'Personal Care Appliances'),
	(2631, 119, 'Major Appliances'),
	(2632, 119, 'Commercial Appliances'),
	(2633, 119, 'Home Appliance Parts'),
	(2634, 120, 'Lights & Lighting'),
	(2635, 120, 'Home Appliances'),
	(2636, 120, 'Bathroom Fixtures'),
	(2637, 120, 'Kitchen Fixtures'),
	(2638, 120, 'Hardware'),
	(2639, 120, 'Electrical Equipments & Supplies'),
	(2640, 120, 'Building Supplies'),
	(2641, 120, 'Painting Supplies & Wall'),
	(2642, 120, 'Plumbing'),
	(2643, 120, 'Family Intelligence System'),
	(2644, 121, 'Coffee'),
	(2645, 121, 'Grain Products'),
	(2646, 121, 'Tea'),
	(2647, 121, 'Nut & Kernel'),
	(2648, 121, 'Grocery'),
	(2649, 121, 'Dried Goods'),
	(2650, 121, 'Local Specialties'),
	(2651, 121, 'Superfoods'),
	(2652, 121, 'Canned Food'),
	(2653, 121, 'Milk & Derry'),
	(2654, 121, 'Chees'),
	(2655, 121, 'Meat & Chicken'),
	(2656, 121, 'Vegetables'),
	(2657, 121, 'Vegan'),
	(2658, 121, 'Vegetarian'),
	(2659, 122, 'Video Surveillance'),
	(2660, 122, 'Security Alarm'),
	(2661, 122, 'Access Control'),
	(2662, 122, 'Workplace Safety Supplies'),
	(2663, 122, 'Door Intercom'),
	(2664, 122, 'Self Defense Supplies'),
	(2665, 122, 'Smart Card System'),
	(2666, 122, 'Building Automation'),
	(2667, 122, 'Fire Protection'),
	(2668, 122, 'Emergency Kits'),
	(2669, 122, 'Roadway Safety'),
	(2670, 122, 'Safes'),
	(2671, 122, 'Lightning Protection'),
	(2672, 122, 'Transmission & Cables'),
	(2673, 122, 'Security Inspection Device'),
	(2674, 122, 'IoT Devices'),
	(2675, 122, 'Public Broadcasting'),
	(2676, 123, 'Measurement & Analysis Instruments'),
	(2677, 123, 'Power Tools'),
	(2678, 123, 'Hand Tools'),
	(2679, 123, 'Machine Tools & Accessories'),
	(2680, 123, 'Tool Sets'),
	(2681, 123, 'Welding Equipment'),
	(2682, 123, 'Welding & Soldering Supplies'),
	(2683, 123, 'Woodworking Machinery & Parts'),
	(2684, 123, 'Tool Parts'),
	(2685, 123, 'Garden Tools'),
	(2686, 123, 'Hand & Power Tool'),
	(2687, 123, 'Abrasive Tools'),
	(2688, 123, 'Tool Organizers'),
	(2689, 123, 'Construction Tools'),
	(2690, 123, 'Riveter Guns'),
	(2691, 123, 'Lifting Tools & Accessories'),
	(2692, 123, 'Abrasives'),
	(2693, 124, 'Human Hair Weaves'),
	(2694, 124, 'Lace Wigs'),
	(2695, 124, 'Hair Extensions'),
	(2696, 124, 'Salon Hair Supply Chain'),
	(2697, 124, 'Synthetic Wigs'),
	(2698, 124, 'Hair Braids'),
	(2699, 124, 'Synthetic Extensions'),
	(2700, 124, 'Hair Pieces'),
	(2701, 124, 'Hair Salon Tools &'),
	(2702, 124, 'DIY Wigs'),
	(2703, 125, 'Women''s Glasses'),
	(2704, 125, 'Women''s Hats'),
	(2705, 125, 'Women''s Scarves'),
	(2706, 125, 'Women''s Hair Accessories'),
	(2707, 125, 'Women''s Gloves'),
	(2708, 125, 'Women''s Belts'),
	(2709, 125, 'Women''s Accessories'),
	(2710, 125, 'Men''s Glasses'),
	(2711, 125, 'Men''s Hats'),
	(2712, 125, 'Men''s Scarves'),
	(2713, 125, 'Men''s Belts'),
	(2714, 125, 'Men''s Gloves'),
	(2715, 125, 'Men''s Ties & Handkerchiefs'),
	(2716, 125, 'Men''s Accessories'),
	(2717, 125, 'Girl''s Accessories'),
	(2718, 125, 'Boy''s Accessories'),
	(2719, 125, 'Garment Fabrics & Accessories'),
	(2720, 126, 'Women''s Intimates'),
	(2721, 126, 'Women''s Sleepwear'),
	(2722, 126, 'Women''s Socks & Hosiery'),
	(2723, 126, 'Men''s Underwear'),
	(2724, 126, 'Men''s Socks'),
	(2725, 126, 'Men''s Sleep & Lounge'),
	(2726, 126, 'women''s panties'),
	(2727, 127, 'Agricultural Waste'),
	(2728, 127, 'Animal Products'),
	(2729, 127, 'Beans'),
	(2730, 127, 'Cocoa Beans'),
	(2731, 127, 'Coffee Beans'),
	(2732, 127, 'Farm Machinery & Equipment'),
	(2733, 127, 'Feed'),
	(2734, 127, 'Fresh Seafood'),
	(2735, 127, 'Fruit'),
	(2736, 127, 'Grain'),
	(2737, 127, 'Herbal Cigars & Cigarettes'),
	(2738, 127, 'Mushrooms & Truffles'),
	(2739, 127, 'Nuts & Kernels'),
	(2740, 127, 'Ornamental Plants'),
	(2741, 127, 'Other Agriculture Products'),
	(2742, 127, 'Plant & Animal Oil'),
	(2743, 127, 'Plant Seeds & Bulbs'),
	(2744, 127, 'Timber Raw Materials'),
	(2745, 127, 'Vanilla Beans'),
	(2746, 127, 'Vegetables'),
	(2747, 128, 'Alcoholic Beverage'),
	(2748, 128, 'Baby Food'),
	(2749, 128, 'Baked Goods'),
	(2750, 128, 'Bean Products'),
	(2751, 128, 'Canned Food'),
	(2752, 128, 'Coffee'),
	(2753, 128, 'Confectionery'),
	(2754, 128, 'Dairy'),
	(2755, 128, 'Drinking-Water'),
	(2756, 128, 'Egg & Egg Products'),
	(2757, 128, 'Food Ingredients'),
	(2758, 128, 'Fruit Products'),
	(2759, 128, 'Grain Products'),
	(2760, 128, 'Honey Products'),
	(2761, 128, 'Instant Food'),
	(2762, 128, 'Meat & Poultry'),
	(2763, 128, 'Other Food & Beverage'),
	(2764, 128, 'Seafood'),
	(2765, 128, 'Seasonings & Condiments'),
	(2766, 128, 'Snack Food'),
	(2767, 128, 'Soft Drinks'),
	(2768, 128, 'Tea'),
	(2769, 128, 'Vegetable Products'),
	(2770, 129, 'Apparel Design Services'),
	(2771, 129, 'Apparel Processing Services'),
	(2772, 129, 'Apparel Stock'),
	(2773, 129, 'Boy''s Clothing'),
	(2774, 129, 'Costumes'),
	(2775, 129, 'Ethnic Clothing'),
	(2776, 129, 'Garment Accessories'),
	(2777, 129, 'Girl''s Clothing'),
	(2778, 129, 'Infant & Toddlers Clothing'),
	(2779, 129, 'Mannequins'),
	(2780, 129, 'Maternity Clothing'),
	(2781, 129, 'Men''s Clothing'),
	(2782, 129, 'Sewing Supplies'),
	(2783, 129, 'Sportswear'),
	(2784, 129, 'Stage & Dance Wear'),
	(2785, 129, 'Tag Guns'),
	(2786, 129, 'Uniforms'),
	(2787, 129, 'Used Clothes'),
	(2788, 129, 'Wedding Apparel & Accessories'),
	(2789, 129, 'Women''s Clothing'),
	(2790, 130, 'Belt Accessories'),
	(2791, 130, 'Belts'),
	(2792, 130, 'Fashion Accessories Design Services'),
	(2793, 130, 'Fashion Accessories Processing Services'),
	(2794, 130, 'Gloves & Mittens'),
	(2795, 130, 'Scarf, Hat & Glove'),
	(2796, 130, 'Hats & Caps'),
	(2797, 130, 'Scarves & Shawls'),
	(2798, 130, 'Hair Accessories'),
	(2799, 130, 'Genuine Leather Belts'),
	(2800, 130, 'Leather Gloves & Mittens'),
	(2801, 130, 'Ties & Accessories'),
	(2802, 130, 'Belt Buckles'),
	(2803, 130, 'PU Belts'),
	(2804, 130, 'Belt Chains'),
	(2805, 130, 'Metal Belts'),
	(2806, 130, 'Suspenders'),
	(2807, 131, 'Eyewear'),
	(2808, 131, 'Jewelry'),
	(2809, 131, 'Watches'),
	(2810, 131, 'Eyeglasses Frames'),
	(2811, 131, 'Sunglasses'),
	(2812, 131, 'Sports Eyewear'),
	(2813, 131, 'Body Jewelry'),
	(2814, 131, 'Bracelets & Bangles'),
	(2815, 131, 'Brooches'),
	(2816, 131, 'Cuff Links & Tie'),
	(2817, 131, 'Earrings'),
	(2818, 131, 'Jewelry Boxes'),
	(2819, 131, 'Jewelry Sets'),
	(2820, 131, 'Jewelry Tools & Equipment'),
	(2821, 131, 'Loose Beads'),
	(2822, 131, 'Loose Gemstone'),
	(2823, 131, 'Necklaces'),
	(2824, 131, 'Pendants & Charms'),
	(2825, 131, 'Rings'),
	(2826, 131, 'Wristwatches'),
	(2827, 132, 'Van'),
	(2828, 132, 'Taxi'),
	(2829, 132, 'Police car'),
	(2830, 132, 'Bus'),
	(2831, 132, 'Ambulance'),
	(2832, 132, 'Skateboard'),
	(2833, 132, 'Baby carriage (U.S.)/ Pram'),
	(2834, 132, 'Bicycle'),
	(2835, 132, 'Mountain bike'),
	(2836, 132, 'Scooter'),
	(2837, 132, 'Motorcycle'),
	(2838, 132, 'Fire engine'),
	(2839, 132, 'Crane'),
	(2840, 132, 'Forklift'),
	(2841, 132, 'Tractor'),
	(2842, 132, 'Recycling truck'),
	(2843, 132, 'Cement mixer'),
	(2844, 132, 'Dump truck'),
	(2845, 132, 'Subway'),
	(2846, 132, 'Aerial tramway'),
	(2847, 132, 'Helicopter'),
	(2848, 132, 'Airplane'),
	(2849, 132, 'Balloon'),
	(2850, 132, 'Tram (U.K.)/ Streetcar (U.S.)'),
	(2851, 132, 'Carriage'),
	(2852, 132, 'Rowboat'),
	(2853, 132, 'Boat'),
	(2854, 132, 'Train'),
	(2855, 133, 'Automobiles'),
	(2856, 133, 'Trailers'),
	(2857, 133, 'Trucks'),
	(2858, 133, 'Golf Carts'),
	(2859, 133, 'Marine Parts & Accessories'),
	(2860, 133, 'Truck Parts & Accessories'),
	(2861, 133, 'Trains'),
	(2862, 133, 'Motorcycles & Scooters'),
	(2863, 133, 'Auto Parts & Accessories'),
	(2864, 133, 'Emergency Vehicles'),
	(2865, 133, 'Bus Parts & Accessories'),
	(2866, 133, 'ATVs & UTVs'),
	(2867, 133, 'Bus'),
	(2868, 133, 'Containers'),
	(2869, 133, 'Other Vehicle Parts &'),
	(2870, 133, 'Other Vehicles'),
	(2871, 134, 'Bag & Luggage Making'),
	(2872, 134, 'Bag Parts & Accessories'),
	(2873, 134, 'Business Bags & Cases'),
	(2874, 134, 'Digital Gear & Camera'),
	(2875, 134, 'Handbags & Messenger Bags'),
	(2876, 134, 'Luggage & Travel Bags'),
	(2877, 134, 'Luggage Cart'),
	(2878, 134, 'Other Luggage, Bags &'),
	(2879, 134, 'Special Purpose Bags &'),
	(2880, 134, 'Sports & Leisure Bags'),
	(2881, 134, 'Wallets & Holders'),
	(2882, 134, 'Carry-on Luggage'),
	(2883, 134, 'Luggage Sets'),
	(2884, 134, 'Trolley Bags'),
	(2885, 134, 'Briefcases'),
	(2886, 134, 'Cosmetic Bags & Cases'),
	(2887, 134, 'Shopping Bags'),
	(2888, 134, 'Handbags'),
	(2889, 134, 'Backpacks'),
	(2890, 134, 'Wallets'),
	(2891, 135, 'Baby Shoes'),
	(2892, 135, 'Children''s Shoes'),
	(2893, 135, 'Dance Shoes'),
	(2894, 135, 'Genuine Leather Shoes'),
	(2895, 135, 'Men''s Shoes'),
	(2896, 135, 'Other Shoes'),
	(2897, 135, 'Shoe Materials'),
	(2898, 135, 'Shoe Parts & Accessories'),
	(2899, 135, 'Shoe Repairing Equipment'),
	(2900, 135, 'Shoes Design Services'),
	(2901, 135, 'Shoes Processing Services'),
	(2902, 135, 'Shoe Stock'),
	(2903, 135, 'Special Purpose Shoes'),
	(2904, 135, 'Sports Shoes'),
	(2905, 135, 'Used Shoes'),
	(2906, 135, 'Women''s Shoes'),
	(2907, 103, 'Computer Hardware & Software'),
	(2908, 103, 'Camera, Photo & Accessories'),
	(2909, 103, 'Electronic Publications'),
	(2910, 103, 'Home Audio, Video &'),
	(2911, 103, 'Mobile Phone & Accessories'),
	(2912, 103, 'Other Consumer Electronics'),
	(2913, 103, 'Portable Audio, Video &'),
	(2914, 103, 'Video Game & Accessories'),
	(2915, 103, 'Earphone & Headphone'),
	(2916, 103, 'Power Banks'),
	(2917, 103, 'Digital Camera'),
	(2918, 103, 'Radio & T.V. Accessories'),
	(2919, 103, 'Speaker'),
	(2920, 103, 'Television'),
	(2921, 103, 'Cables'),
	(2922, 103, 'Charger'),
	(2923, 103, 'Digital Battery'),
	(2924, 103, 'Digital Photo Frame'),
	(2925, 103, '3D Glasses'),
	(2926, 136, 'Cellphones'),
	(2927, 136, 'iPhones'),
	(2928, 136, 'Feature Phones'),
	(2929, 136, 'Refurbished Phones'),
	(2930, 136, 'Mobile Phone Accessories'),
	(2931, 136, 'Mobile Phone Parts'),
	(2932, 136, 'Phone Bags & Cases'),
	(2933, 136, 'Communication Equipment'),
	(2934, 136, 'Walkie Talkie'),
	(2935, 136, 'Walkie Talkie Parts &'),
	(2936, 136, 'Telephones & Accessories'),
	(2937, 153, 'Case.'),
	(2938, 153, 'Motherboard.'),
	(2939, 153, 'CPU [Processor]'),
	(2940, 153, 'GPU [Graphics Card] (if no integrated GPU)'),
	(2941, 153, 'RAM [Memory]'),
	(2942, 153, 'Storage Device (SSD, NVME SSD, HDD)'),
	(2943, 153, 'Cooling (CPU, Chassis)'),
	(2944, 153, 'PSU [Power Supply Unit]'),
	(2945, 153, 'Audio & Video Accessories.'),
	(2946, 153, 'Blank Media.'),
	(2947, 153, 'Blue Light Blocking Glasses.'),
	(2948, 153, 'Cable Security Devices.'),
	(2949, 153, 'Cables & Interconnects.'),
	(2950, 153, 'Cleaning & Repair.'),
	(2951, 153, 'Computer Cable Adapters.'),
	(2952, 153, 'Game Hardware.'),
	(2953, 138, 'Air Conditioning Appliances'),
	(2954, 138, 'Cleaning Appliances'),
	(2955, 138, 'Hand Dryers'),
	(2956, 138, 'Home Appliance Parts'),
	(2957, 138, 'Home Appliances Stocks'),
	(2958, 138, 'Home Heaters'),
	(2959, 138, 'Kitchen Appliances'),
	(2960, 138, 'Laundry Appliances'),
	(2961, 138, 'Other Home Appliances'),
	(2962, 138, 'Refrigerators & Freezers'),
	(2963, 138, 'Water Heaters'),
	(2964, 138, 'Water Treatment Appliances'),
	(2965, 138, 'Wet Towel Dispensers'),
	(2966, 138, 'Air Conditioners'),
	(2967, 138, 'Fans'),
	(2968, 138, 'Vacuum Cleaners'),
	(2969, 138, 'Solar Water Heaters'),
	(2970, 138, 'Cooking Appliances'),
	(2971, 138, 'Coffee Makers'),
	(2972, 138, 'Blenders'),
	(2973, 122, 'Locks & Keys'),
	(2974, 122, 'Personal Protective Equipment'),
	(2975, 122, 'Access Control Systems & Products'),
	(2976, 122, 'Alarm'),
	(2977, 122, 'CCTV Products'),
	(2978, 122, 'Firefighting Supplies'),
	(2979, 122, 'Locksmith Supplies'),
	(2980, 122, 'Other Security & Protection Products'),
	(2981, 122, 'Police & Military Supplies'),
	(2982, 122, 'Security Services'),
	(2983, 122, 'Water Safety Products'),
	(2984, 122, 'CCTV Camera'),
	(2985, 122, 'BulletProof Vest'),
	(2986, 122, 'Alcohol Tester'),
	(2987, 122, 'Fire Alarm'),
	(2988, 139, 'Solar Energy Products'),
	(2989, 139, 'Batteries'),
	(2990, 139, 'Electrical Instruments'),
	(2991, 139, 'Circuit Breakers'),
	(2992, 139, 'Connectors & Terminals'),
	(2993, 139, 'Industrial Controls'),
	(2994, 139, 'Contactors'),
	(2995, 139, 'Motors'),
	(2996, 139, 'Electrical Supplies'),
	(2997, 139, 'Electronic & Instrument Enclosures'),
	(2998, 139, 'Fuse Components'),
	(2999, 139, 'Fuses'),
	(3000, 139, 'Generators'),
	(3001, 139, 'Power Accessories'),
	(3002, 139, 'Power Distribution Equipment'),
	(3003, 139, 'Power Supplies'),
	(3004, 139, 'Professional Audio, Video & Lighting'),
	(3005, 139, 'Relays'),
	(3006, 139, 'Switches'),
	(3007, 139, 'Transformers'),
	(3008, 139, 'Wires, Cables & Cable Assemblies'),
	(3009, 139, 'Wiring Accessories'),
	(3010, 139, 'Solar Cells, Solar Panel'),
	(3011, 108, 'Amusement Park'),
	(3012, 108, 'Artificial Grass & Sports Flooring'),
	(3013, 108, 'Gambling'),
	(3014, 108, 'Indoor Sports'),
	(3015, 108, 'Other Sports & Entertainment Products'),
	(3016, 108, 'Outdoor Sports'),
	(3017, 108, 'Sports Gloves'),
	(3018, 108, 'Sports Safety'),
	(3019, 108, 'Sports Souvenirs'),
	(3020, 108, 'Tennis'),
	(3021, 108, 'Winter Sports'),
	(3022, 108, 'Scooters'),
	(3023, 108, 'Gym Equipment'),
	(3024, 108, 'Swimming & Diving'),
	(3025, 140, 'Art & Collectible'),
	(3026, 140, 'Crafts'),
	(3027, 140, 'Arts & Crafts Stocks'),
	(3028, 140, 'Cross Stitch'),
	(3029, 140, 'Festive & Party Supplies'),
	(3030, 140, 'Flags, Banners & Accessories'),
	(3031, 140, 'Gift Sets'),
	(3032, 140, 'Holiday Gifts'),
	(3033, 140, 'Home Decoration'),
	(3034, 140, 'Key Chains'),
	(3035, 140, 'Knitting & Crocheting'),
	(3036, 140, 'Lacquerware'),
	(3037, 140, 'Lanyard'),
	(3038, 140, 'Money Boxes'),
	(3039, 140, 'Music Boxes'),
	(3040, 140, 'Pottery & Enamel'),
	(3041, 140, 'Sculptures'),
	(3042, 140, 'Souvenirs'),
	(3043, 140, 'Stickers'),
	(3044, 140, 'Wedding Decorations & Gifts'),
	(3045, 111, 'Action Figure'),
	(3046, 111, 'Baby Toys'),
	(3047, 111, 'Balloons'),
	(3048, 111, 'Candy Toys'),
	(3049, 111, 'Dolls'),
	(3050, 111, 'Educational Toys'),
	(3051, 111, 'Glass Marbles'),
	(3052, 111, 'Inflatable Toys'),
	(3053, 111, 'Light-Up Toys'),
	(3054, 111, 'Noise Maker'),
	(3055, 111, 'Other Toys & Hobbies'),
	(3056, 111, 'Outdoor Toys & Structures'),
	(3057, 111, 'Plastic Toys'),
	(3058, 111, 'Pretend Play & Preschool'),
	(3059, 111, 'Solar Toys'),
	(3060, 111, 'Toy Accessories'),
	(3061, 111, 'Toy Animal'),
	(3062, 111, 'Toy Guns'),
	(3063, 111, 'Toy Parts'),
	(3064, 111, 'Toy Robots'),
	(3065, 111, 'Toy Vehicle'),
	(3066, 111, 'Wind Up Toys'),
	(3067, 111, 'Wooden Toys'),
	(3068, 141, 'Animal Extract'),
	(3069, 141, 'Plant Extracts'),
	(3070, 141, 'Body Weight'),
	(3071, 141, 'Health Care Supplement'),
	(3072, 141, 'Health Care Supplies'),
	(3073, 141, 'Crude Medicine'),
	(3074, 141, 'Prepared Drugs In Pieces'),
	(3075, 141, 'Traditional Patented Medicines'),
	(3076, 141, 'Body Fluid-Processing & Circulation Devices'),
	(3077, 141, 'Clinical Analytical Instruments'),
	(3078, 141, 'Dental Equipment'),
	(3079, 141, 'Emergency & Clinics Apparatuses'),
	(3080, 141, 'Equipment of Traditional Chinese Medicine'),
	(3081, 141, 'General Assay & Diagnostic Apparatuses'),
	(3082, 141, 'Medical Consumable'),
	(3083, 141, 'Medical Cryogenic Equipment'),
	(3084, 141, 'Medical Software'),
	(3085, 141, 'Physical Therapy Equipment'),
	(3086, 141, 'Radiology Equipment & Accessories'),
	(3087, 141, 'Sterilization Equipment'),
	(3088, 141, 'Surgical Instrument'),
	(3089, 141, 'Ultrasonic, Optical, Electronic Equipment'),
	(3090, 141, 'Ward Nursing Equipments'),
	(3091, 141, 'Medicines'),
	(3092, 142, 'Nail Polish'),
	(3093, 142, 'Hair Color'),
	(3094, 142, 'Eye Make-up'),
	(3095, 142, 'Facial Make-up'),
	(3096, 142, 'Lip Color'),
	(3097, 142, 'Hair Styling Products'),
	(3098, 142, 'Facial Cleansers'),
	(3099, 142, 'Facial Moisturizers'),
	(3100, 143, 'Baby Care'),
	(3101, 143, 'Bath Supplies'),
	(3102, 143, 'Beauty Equipment'),
	(3103, 143, 'Body Art'),
	(3104, 143, 'Breast Care'),
	(3105, 143, 'Feminine Hygiene'),
	(3106, 143, 'Fragrance & Deodorant'),
	(3107, 143, 'Hair Care'),
	(3108, 143, 'Hair Extensions & Wigs'),
	(3109, 143, 'Hair Salon Equipment'),
	(3110, 143, 'Makeup'),
	(3111, 143, 'Makeup Tools'),
	(3112, 143, 'Men Care'),
	(3113, 143, 'Nail Supplies'),
	(3114, 143, 'Oral Hygiene'),
	(3115, 143, 'Other Beauty & Personal Care Products'),
	(3116, 143, 'Sanitary Paper'),
	(3117, 143, 'Shaving & Hair Removal'),
	(3118, 143, 'Skin Care'),
	(3119, 143, 'Skin Care Tool'),
	(3120, 144, 'Aluminum Composite Panels'),
	(3121, 144, 'Balustrades & Handrails'),
	(3122, 144, 'Bathroom'),
	(3123, 144, 'Boards'),
	(3124, 144, 'Building Glass'),
	(3125, 144, 'Ceilings'),
	(3126, 144, 'Corner Guards'),
	(3127, 144, 'Countertops, Vanity Tops & Table Tops'),
	(3128, 144, 'Curtain Walls & Accessories'),
	(3129, 144, 'Decorative Films'),
	(3130, 144, 'Door & Window Accessories'),
	(3131, 144, 'Doors & Windows'),
	(3132, 144, 'Earthwork Products'),
	(3133, 144, 'Elevators & Elevator Parts'),
	(3134, 144, 'Escalators & Escalator Parts'),
	(3135, 144, 'Faucets, Mixers & Taps'),
	(3136, 144, 'Fiberglass Wall Meshes'),
	(3137, 144, 'Fireplaces, Stoves'),
	(3138, 144, 'Fireproofing Materials'),
	(3139, 144, 'Floor Heating Systems & Parts'),
	(3140, 144, 'Flooring & Accessories'),
	(3141, 144, 'Formwork'),
	(3142, 144, 'Gates'),
	(3143, 144, 'Heat Insulation Materials'),
	(3144, 144, 'HVAC Systems & Parts'),
	(3145, 144, 'Kitchen'),
	(3146, 144, 'Ladders & Scaffoldings'),
	(3147, 144, 'Landscaping Stone'),
	(3148, 144, 'Masonry Materials'),
	(3149, 144, 'Metal Building Materials'),
	(3150, 144, 'Mosaics'),
	(3151, 144, 'Moldings'),
	(3152, 144, 'Multifunctional Materials'),
	(3153, 144, 'Other Construction & Real Estate'),
	(3154, 144, 'Plastic Building Materials'),
	(3155, 144, 'Quarry Stone & Slabs'),
	(3156, 144, 'Real Estate'),
	(3157, 144, 'Soundproofing Materials'),
	(3158, 144, 'Stairs & Stair Parts'),
	(3159, 144, 'Stone Carvings and Sculptures'),
	(3160, 144, 'Sunrooms & Glass Houses'),
	(3161, 144, 'Tiles & Accessories'),
	(3162, 144, 'Timber'),
	(3163, 144, 'Tombstones and Monuments'),
	(3164, 144, 'Wallpapers/Wall Coating'),
	(3165, 144, 'Waterproofing Materials'),
	(3166, 105, 'Bakeware'),
	(3167, 105, 'Barware'),
	(3168, 105, 'Cooking Tools'),
	(3169, 105, 'Cookware'),
	(3170, 105, 'Household Chemicals'),
	(3171, 105, 'Household Cleaning Tools & Accessories'),
	(3172, 105, 'Household Sundries'),
	(3173, 105, 'Kitchen Knives & Accessories'),
	(3174, 105, 'Laundry Products'),
	(3175, 105, 'Kitchen, Dining, Bar & Tableware'),
	(3176, 105, 'Dinnerware'),
	(3177, 105, 'Drinkware'),
	(3178, 105, 'Baby Supplies & Products'),
	(3179, 105, 'Rain Gear'),
	(3180, 105, 'Lighters & Smoking Accessories'),
	(3181, 115, 'Emergency Lighting'),
	(3182, 115, 'Holiday Lighting'),
	(3183, 115, 'Indoor Lighting'),
	(3184, 115, 'LED Lighting'),
	(3185, 115, 'Lighting Accessories'),
	(3186, 115, 'Lighting Bulbs & Tubes'),
	(3187, 115, 'Other Lights & Lighting Products'),
	(3188, 115, 'Outdoor Lighting'),
	(3189, 115, 'Professional Lighting'),
	(3190, 115, 'LED Residential Lighting'),
	(3191, 115, 'LED Outdoor Lighting'),
	(3192, 115, 'Chandeliers & Pendant Lights'),
	(3193, 115, 'Ceiling Lights'),
	(3194, 115, 'Crystal Lights'),
	(3195, 115, 'Stage Lights'),
	(3196, 115, 'Street Lights'),
	(3197, 115, 'Energy Saving & Fluorescent'),
	(3198, 115, 'LED Landscape Lamps'),
	(3199, 115, 'LED Professional Lighting'),
	(3200, 115, 'LED Encapsulation Series'),
	(3201, 116, 'Antique Furniture'),
	(3202, 116, 'Baby Furniture'),
	(3203, 116, 'Bamboo Furniture'),
	(3204, 116, 'Folding Furniture'),
	(3205, 116, 'Furniture Hardware'),
	(3206, 116, 'Glass Furniture'),
	(3207, 116, 'Inflatable Furniture'),
	(3208, 116, 'Metal Furniture'),
	(3209, 116, 'Other Furniture'),
	(3210, 116, 'Plastic Furniture'),
	(3211, 116, 'Rattan / Wicker Furniture'),
	(3212, 116, 'Wood Furniture'),
	(3213, 116, 'Living Room Furniture'),
	(3214, 116, 'Bedroom Furniture'),
	(3215, 145, 'Agriculture Machinery & Equipment'),
	(3216, 145, 'Apparel & Textile Machinery'),
	(3217, 145, 'Building Material Machinery'),
	(3218, 145, 'Chemical Machinery & Equipment'),
	(3219, 145, 'Electronic Products Machinery'),
	(3220, 145, 'Energy & Mineral Equipment'),
	(3221, 145, 'Engineering & Construction Machinery'),
	(3222, 145, 'Food & Beverage Machinery'),
	(3223, 145, 'General Industrial Equipment'),
	(3224, 145, 'Home Product Making Machinery'),
	(3225, 145, 'Industry Laser Equipment'),
	(3226, 145, 'Machine Tool Equipment'),
	(3227, 145, 'Metal & Metallurgy Machinery'),
	(3228, 145, 'Other Machinery & Industry Equipment'),
	(3229, 145, 'Packaging Machine'),
	(3230, 145, 'Paper Production Machinery'),
	(3231, 145, 'Pharmaceutical Machinery'),
	(3232, 145, 'Plastic & Rubber Machinery'),
	(3233, 145, 'Printing Machine'),
	(3234, 145, 'Refrigeration & Heat Exchange Equipment'),
	(3235, 145, 'Used Machinery & Equipment'),
	(3236, 145, 'Woodworking Machinery'),
	(3237, 146, 'Custom Fabrication Services'),
	(3238, 146, 'General Mechanical Components Design Services'),
	(3239, 146, 'General Mechanical Components Stock'),
	(3240, 146, 'Industrial Brake'),
	(3241, 146, 'Machine Tools Accessory'),
	(3242, 146, 'Molds'),
	(3243, 146, 'Other General Mechanical Components'),
	(3244, 146, 'Other Mechanical Parts'),
	(3245, 146, 'Used General Mechanical Components'),
	(3246, 146, 'Coating Services'),
	(3247, 147, 'Hardware'),
	(3248, 147, 'Hand Tools'),
	(3249, 147, 'Material Handling Tools'),
	(3250, 147, 'Power Tool Accessories'),
	(3251, 147, 'Power Tools'),
	(3252, 147, 'Tool Design Services'),
	(3253, 147, 'Tool Parts'),
	(3254, 147, 'Toll Processing Services'),
	(3255, 147, 'Tool Sets'),
	(3256, 147, 'Tool Stock'),
	(3257, 147, 'Knife'),
	(3258, 147, 'Hand Carts & Trolleys'),
	(3259, 147, 'Lawn Mower'),
	(3260, 147, 'Sander'),
	(3261, 148, 'Biodiesel'),
	(3262, 148, 'Biogas'),
	(3263, 148, 'Charcoal'),
	(3264, 148, 'Coke Fuel'),
	(3265, 148, 'Crude Oil'),
	(3266, 148, 'Electricity Generation'),
	(3267, 148, 'Petrochemical Products'),
	(3268, 148, 'Solar Energy Products'),
	(3269, 148, 'Industrial Fuel'),
	(3270, 148, 'Natural Gas'),
	(3271, 148, 'Other Energy Related Products'),
	(3272, 148, 'Wood Pellets'),
	(3273, 148, 'Solar Energy Systems'),
	(3274, 148, 'Lubricant'),
	(3275, 148, 'Diesel Fuel'),
	(3276, 148, 'Solar Collectors'),
	(3277, 149, 'Adhesive Tape'),
	(3278, 149, 'Agricultural Packaging'),
	(3279, 149, 'Aluminum Foil'),
	(3280, 149, 'Apparel Packaging'),
	(3281, 149, 'Blister Cards'),
	(3282, 149, 'Bottles'),
	(3283, 149, 'Cans'),
	(3284, 149, 'Chemical Packaging'),
	(3285, 149, 'Composite Packaging Materials'),
	(3286, 149, 'Cosmetics Packaging'),
	(3287, 149, 'Electronics Packaging'),
	(3288, 149, 'Food Packaging'),
	(3289, 149, 'Gift Packaging'),
	(3290, 149, 'Handles'),
	(3291, 149, 'Hot Stamping Foil'),
	(3292, 149, 'Jars'),
	(3293, 149, 'Lids, Bottle Caps, Closures'),
	(3294, 149, 'Media Packaging'),
	(3295, 149, 'Metallized Film'),
	(3296, 149, 'Other Packaging Applications'),
	(3297, 149, 'Other Packaging Materials'),
	(3298, 149, 'Packaging Bags'),
	(3299, 149, 'Packaging Boxes'),
	(3300, 149, 'Packaging Labels'),
	(3301, 149, 'Packaging Trays'),
	(3302, 149, 'Packaging Tubes'),
	(3303, 149, 'Paper & Paperboard'),
	(3304, 149, 'Paper Packaging'),
	(3305, 149, 'Pharmaceutical Packaging'),
	(3306, 149, 'Plastic Film'),
	(3307, 149, 'Plastic Packaging'),
	(3308, 149, 'Printing Materials'),
	(3309, 149, 'Printing Services'),
	(3310, 149, 'Protective Packaging'),
	(3311, 149, 'Pulp'),
	(3312, 149, 'Shrink Film'),
	(3313, 149, 'Strapping'),
	(3314, 149, 'Stretch Film'),
	(3315, 149, 'Tobacco Packaging'),
	(3316, 149, 'Transport Packaging'),
	(3317, 150, 'Art Supplies'),
	(3318, 150, 'Badge Holder & Accessories'),
	(3319, 150, 'Board'),
	(3320, 150, 'Board Eraser'),
	(3321, 150, 'Book Cover'),
	(3322, 150, 'Books'),
	(3323, 150, 'Calculator'),
	(3324, 150, 'Calendar'),
	(3325, 150, 'Clipboard'),
	(3326, 150, 'Correction Supplies'),
	(3327, 150, 'Desk Organizer'),
	(3328, 150, 'Drafting Supplies'),
	(3329, 150, 'Easels'),
	(3330, 150, 'Educational Supplies'),
	(3331, 150, 'Filing Products'),
	(3332, 150, 'Letter Pad / Paper'),
	(3333, 150, 'Magazines'),
	(3334, 150, 'Map'),
	(3335, 150, 'Notebooks & Writing Pads'),
	(3336, 150, 'Office Adhesives & Tapes'),
	(3337, 150, 'Office Binding Supplies'),
	(3338, 150, 'Office Cutting Supplies'),
	(3339, 150, 'Office Equipment'),
	(3340, 150, 'Office Paper'),
	(3341, 150, 'Other Office & School Supplies'),
	(3342, 150, 'Paper Envelopes'),
	(3343, 150, 'Pencil Cases & Bags'),
	(3344, 150, 'Pencil Sharpeners'),
	(3345, 150, 'Printer Supplies'),
	(3346, 150, 'Stamps'),
	(3347, 150, 'Stationery Set'),
	(3348, 150, 'Stencils'),
	(3349, 150, 'Writing Accessories'),
	(3350, 150, 'Writing Instruments'),
	(3351, 150, 'Yellow Pages'),
	(3352, 151, 'Advertising Equipment'),
	(3353, 151, 'Cargo & Storage Equipment'),
	(3354, 151, 'Commercial Laundry Equipment'),
	(3355, 151, 'Financial Equipment'),
	(3356, 151, 'Funeral Supplies'),
	(3357, 151, 'Other Service Equipment'),
	(3358, 151, 'Restaurant & Hotel Supplies'),
	(3359, 151, 'Store & Supermarket Supplies'),
	(3360, 151, 'Trade Show Equipment'),
	(3361, 151, 'Vending Machines'),
	(3362, 151, 'Wedding Supplies'),
	(3363, 151, 'Display Racks'),
	(3364, 151, 'Advertising Players'),
	(3365, 151, 'Advertising Light Boxes'),
	(3366, 151, 'Hotel Amenities'),
	(3367, 151, 'POS Systems'),
	(3368, 151, 'Supermarket Shelves'),
	(3369, 151, 'Stacking Racks & Shelves'),
	(3370, 151, 'Refrigeration Equipment'),
	(3371, 151, 'Trade Show Tent');

INSERT INTO "series_creative_method" ("id", "name") VALUES
	(8, 'Generic Casting Scene'),
	(9, 'Your Casting Footage made'),
	(10, 'Infographic'),
	(11, 'Animation'),
	(12, 'BG footages scene'),
	(13, 'Cartoons'),
	(14, 'Whiteboard');

INSERT INTO "series_environment" ("id", "name") VALUES
	(11, 'No Environment'),
	(12, 'Nature'),
	(13, 'Urban'),
	(14, 'Exclusive'),
	(15, 'Abstract'),
	(16, 'Glitter'),
	(17, 'Minimalistic'),
	(18, 'Basic'),
	(19, 'Graphic');

INSERT INTO "video_language" ("id", "name") VALUES
	(186, 'No Language '),
	(187, 'Afar '),
	(188, 'Abkhaz '),
	(189, 'Avestan '),
	(190, 'Afrikaans '),
	(191, 'Akan '),
	(192, 'Amharic '),
	(193, 'Aragonese '),
	(194, 'Arabic '),
	(195, 'Assamese '),
	(196, 'Avaric '),
	(197, 'Aymara '),
	(198, 'Azerbaijani '),
	(199, 'South Azerbaijani '),
	(200, 'Bashkir '),
	(201, 'Belarusian '),
	(202, 'Bulgarian '),
	(203, 'Bihari '),
	(204, 'Bislama '),
	(205, 'Bambara '),
	(206, 'Bengali; Bangla '),
	(207, 'Tibetan Standard, Tibetan, Central '),
	(208, 'Breton '),
	(209, 'Bosnian '),
	(210, 'Catalan; Valencian '),
	(211, 'Chechen '),
	(212, 'Chamorro '),
	(213, 'Corsican '),
	(214, 'Cree '),
	(215, 'Czech '),
	(216, 'Old Church Slavonic, Church Slavonic, Old Bulgarian '),
	(217, 'Chuvash '),
	(218, 'Welsh '),
	(219, 'Danish '),
	(220, 'German '),
	(221, 'Divehi; Dhivehi; Maldivian; '),
	(222, 'Dzongkha '),
	(223, 'Ewe '),
	(224, 'Greek, Modern '),
	(225, 'English '),
	(226, 'Esperanto '),
	(227, 'Spanish; Castilian '),
	(228, 'Estonian '),
	(229, 'Basque '),
	(230, 'Persian (Farsi) '),
	(231, 'Fula; Fulah; Pulaar; Pular '),
	(232, 'Finnish '),
	(233, 'Fijian '),
	(234, 'Faroese '),
	(235, 'French '),
	(236, 'Western Frisian '),
	(237, 'Irish '),
	(238, 'Scottish Gaelic; Gaelic '),
	(239, 'Galician '),
	(240, 'Guaraní '),
	(241, 'Gujarati '),
	(242, 'Manx '),
	(243, 'Hausa '),
	(244, 'Hebrew (modern) '),
	(245, 'Hindi '),
	(246, 'Hiri Motu '),
	(247, 'Croatian '),
	(248, 'Haitian; Haitian Creole '),
	(249, 'Hungarian '),
	(250, 'Armenian '),
	(251, 'Herero '),
	(252, 'Interlingua '),
	(253, 'Indonesian '),
	(254, 'Interlingue '),
	(255, 'Igbo '),
	(256, 'Nuosu '),
	(257, 'Inupiaq '),
	(258, 'Ido '),
	(259, 'Icelandic '),
	(260, 'Italian '),
	(261, 'Inuktitut '),
	(262, 'Japanese '),
	(263, 'Javanese '),
	(264, 'Georgian '),
	(265, 'Kongo '),
	(266, 'Kikuyu, Gikuyu '),
	(267, 'Kwanyama, Kuanyama '),
	(268, 'Kazakh '),
	(269, 'Kalaallisut, Greenlandic '),
	(270, 'Khmer '),
	(271, 'Kannada '),
	(272, 'Korean '),
	(273, 'Kanuri '),
	(274, 'Kashmiri '),
	(275, 'Kurdish '),
	(276, 'Komi '),
	(277, 'Cornish '),
	(278, 'Kyrgyz '),
	(279, 'Latin '),
	(280, 'Luxembourgish, Letzeburgesch '),
	(281, 'Ganda '),
	(282, 'Limburgish, Limburgan, Limburger '),
	(283, 'Lingala '),
	(284, 'Lao '),
	(285, 'Lithuanian '),
	(286, 'Luba-Katanga '),
	(287, 'Latvian '),
	(288, 'Malagasy '),
	(289, 'Marshallese '),
	(290, 'Māori '),
	(291, 'Macedonian '),
	(292, 'Malayalam '),
	(293, 'Mongolian '),
	(294, 'Marathi (Marāṭhī) '),
	(295, 'Malay '),
	(296, 'Maltese '),
	(297, 'Burmese '),
	(298, 'Nauru '),
	(299, 'Norwegian Bokmål '),
	(300, 'North Ndebele '),
	(301, 'Nepali '),
	(302, 'Ndonga '),
	(303, 'Dutch '),
	(304, 'Norwegian Nynorsk '),
	(305, 'Norwegian '),
	(306, 'South Ndebele '),
	(307, 'Navajo, Navaho '),
	(308, 'Chichewa; Chewa; Nyanja '),
	(309, 'Occitan '),
	(310, 'Ojibwe, Ojibwa '),
	(311, 'Oromo '),
	(312, 'Oriya '),
	(313, 'Ossetian, Ossetic '),
	(314, 'Panjabi, Punjabi '),
	(315, 'Pāli '),
	(316, 'Polish '),
	(317, 'Pashto, Pushto '),
	(318, 'Portuguese '),
	(319, 'Quechua '),
	(320, 'Romansh '),
	(321, 'Kirundi '),
	(322, 'Romanian '),
	(323, 'Russian '),
	(324, 'Kinyarwanda '),
	(325, 'Sanskrit (Saṁskṛta) '),
	(326, 'Sardinian '),
	(327, 'Sindhi '),
	(328, 'Northern Sami '),
	(329, 'Sango '),
	(330, 'Sinhala, Sinhalese '),
	(331, 'Slovak '),
	(332, 'Slovene '),
	(333, 'Samoan '),
	(334, 'Shona '),
	(335, 'Somali '),
	(336, 'Albanian '),
	(337, 'Serbian '),
	(338, 'Swati '),
	(339, 'Southern Sotho '),
	(340, 'Sundanese '),
	(341, 'Swedish '),
	(342, 'Swahili '),
	(343, 'Tamil '),
	(344, 'Telugu '),
	(345, 'Tajik '),
	(346, 'Thai '),
	(347, 'Tigrinya '),
	(348, 'Turkmen '),
	(349, 'Tagalog '),
	(350, 'Tswana '),
	(351, 'Tonga (Tonga Islands) '),
	(352, 'Turkish '),
	(353, 'Tsonga '),
	(354, 'Tatar '),
	(355, 'Twi '),
	(356, 'Tahitian '),
	(357, 'Uyghur, Uighur '),
	(358, 'Ukrainian '),
	(359, 'Urdu '),
	(360, 'Uzbek '),
	(361, 'Venda '),
	(362, 'Vietnamese '),
	(363, 'Volapük '),
	(364, 'Walloon '),
	(365, 'Wolof '),
	(366, 'Xhosa '),
	(367, 'Yiddish '),
	(368, 'Yoruba '),
	(369, 'Zhuang, Chuang '),
	(370, 'Chinese '),
	(371, 'Zulu ');

INSERT INTO "series_symbol" ("id", "name") VALUES
	(114, 'NCS No Currency Symbols '),
	(115, 'ALL Albania Lek '),
	(116, 'AFN Afghanistan Afghani '),
	(117, 'ARS Argentina Peso '),
	(118, 'AWG Aruba Guilder '),
	(119, 'AUD Australia Dollar '),
	(120, 'AZN Azerbaijan New Manat '),
	(121, 'BSD Bahamas Dollar '),
	(122, 'BBD Barbados Dollar '),
	(123, 'BYR Belarus Ruble '),
	(124, 'BZD Belize Dollar '),
	(125, 'BMD Bermuda Dollar '),
	(126, 'BOB Bolivia Boliviano '),
	(127, 'BAM Bosnia and Herzegovina Convertible Marka '),
	(128, 'BWP Botswana Pula '),
	(129, 'BGN Bulgaria Lev '),
	(130, 'BRL Brazil Real '),
	(131, 'BND Brunei Darussalam Dollar '),
	(132, 'KHR Cambodia Riel '),
	(133, 'CAD Canada Dollar '),
	(134, 'KYD Cayman Islands Dollar '),
	(135, 'CLP Chile Peso '),
	(136, 'CNY China Yuan Renminbi '),
	(137, 'COP Colombia Peso '),
	(138, 'CRC Costa Rica Colon '),
	(139, 'HRK Croatia Kuna '),
	(140, 'CUP Cuba Peso '),
	(141, 'CZK Czech Republic Koruna '),
	(142, 'DKK Denmark Krone '),
	(143, 'DOP Dominican Republic Peso '),
	(144, 'XCD East Caribbean Dollar '),
	(145, 'EGP Egypt Pound '),
	(146, 'SVC El Salvador Colon '),
	(147, 'EEK Estonia Kroon '),
	(148, 'EUR Euro Member Countries '),
	(149, 'FKP Falkland Islands (Malvinas) Pound '),
	(150, 'FJD Fiji Dollar '),
	(151, 'GHC Ghana Cedis '),
	(152, 'GIP Gibraltar Pound '),
	(153, 'GTQ Guatemala Quetzal '),
	(154, 'GGP Guernsey Pound '),
	(155, 'GYD Guyana Dollar '),
	(156, 'HNL Honduras Lempira '),
	(157, 'HKD Hong Kong Dollar '),
	(158, 'HUF Hungary Forint '),
	(159, 'ISK Iceland Krona '),
	(160, 'INR India Rupee '),
	(161, 'IDR Indonesia Rupiah '),
	(162, 'IRR Iran Rial '),
	(163, 'IMP Isle of Man Pound '),
	(164, 'ILS Israel Shekel '),
	(165, 'JMD Jamaica Dollar '),
	(166, 'JPY Japan Yen '),
	(167, 'JEP Jersey Pound '),
	(168, 'KZT Kazakhstan Tenge '),
	(169, 'KPW Korea (North) Won '),
	(170, 'KGS Kyrgyzstan Som '),
	(171, 'LAK Laos Kip '),
	(172, 'LVL Latvia Lat '),
	(173, 'LBP Lebanon Pound '),
	(174, 'LRD Liberia Dollar '),
	(175, 'LTL Lithuania Litas '),
	(176, 'MKD Macedonia Denar '),
	(177, 'MYR Malaysia Ringgit '),
	(178, 'MUR Mauritius Rupee '),
	(179, 'MXN Mexico Peso '),
	(180, 'MNT Mongolia Tughrik '),
	(181, 'MZN Mozambique Metical '),
	(182, 'NAD Namibia Dollar '),
	(183, 'NPR Nepal Rupee '),
	(184, 'ANG Netherlands Antilles Guilder '),
	(185, 'NZD New Zealand Dollar '),
	(186, 'NIO Nicaragua Cordoba '),
	(187, 'NGN Nigeria Naira '),
	(188, 'NOK Norway Krone '),
	(189, 'OMR Oman Rial '),
	(190, 'PKR Pakistan Rupee '),
	(191, 'PAB Panama Balboa '),
	(192, 'PYG Paraguay Guarani '),
	(193, 'PEN Peru Nuevo Sol '),
	(194, 'PHP Philippines Peso '),
	(195, 'PLN Poland Zloty '),
	(196, 'QAR Qatar Riyal '),
	(197, 'RON Romania New Leu '),
	(198, 'RUB Russia Ruble '),
	(199, 'SHP Saint Helena Pound '),
	(200, 'SAR Saudi Arabia Riyal '),
	(201, 'RSD Serbia Dinar '),
	(202, 'SCR Seychelles Rupee '),
	(203, 'SGD Singapore Dollar '),
	(204, 'SBD Solomon Islands Dollar '),
	(205, 'SOS Somalia Shilling '),
	(206, 'ZAR South Africa Rand '),
	(207, 'KRW Korea (South) Won '),
	(208, 'LKR Sri Lanka Rupee '),
	(209, 'SEK Sweden Krona '),
	(210, 'CHF Switzerland Franc '),
	(211, 'SRD Suriname Dollar '),
	(212, 'SYP Syria Pound '),
	(213, 'TWD Taiwan New Dollar '),
	(214, 'THB Thailand Baht '),
	(215, 'TTD Trinidad and Tobago Dollar '),
	(216, 'TRY Turkey Lira '),
	(217, 'TRL Turkey Lira '),
	(218, 'TVD Tuvalu Dollar '),
	(219, 'UAH Ukraine Hryvna '),
	(220, 'GBP United Kingdom Pound '),
	(221, 'USD United States Dollar '),
	(222, 'UYU Uruguay Peso '),
	(223, 'UZS Uzbekistan Som '),
	(224, 'VEF Venezuela Bolivar '),
	(225, 'VND Viet Nam Dong '),
	(226, 'YER Yemen Rial '),
	(227, 'ZWD Zimbabwe Dollar ');
